-- phpMyAdmin SQL Dump
-- version 4.2.7.1
-- http://www.phpmyadmin.net
--
-- Host: 127.0.0.1
-- Generation Time: Dec 21, 2017 at 09:08 AM
-- Server version: 5.6.20
-- PHP Version: 5.5.15

SET SQL_MODE = "NO_AUTO_VALUE_ON_ZERO";
SET time_zone = "+00:00";


/*!40101 SET @OLD_CHARACTER_SET_CLIENT=@@CHARACTER_SET_CLIENT */;
/*!40101 SET @OLD_CHARACTER_SET_RESULTS=@@CHARACTER_SET_RESULTS */;
/*!40101 SET @OLD_COLLATION_CONNECTION=@@COLLATION_CONNECTION */;
/*!40101 SET NAMES utf8 */;

--
-- Database: `brahmanbaria`
--

-- --------------------------------------------------------

--
-- Table structure for table `advance_product`
--

CREATE TABLE IF NOT EXISTS `advance_product` (
`advance_product_id` int(33) NOT NULL,
  `customer_id` varchar(33) NOT NULL,
  `product_name` varchar(111) NOT NULL,
  `product_quantity` double(15,2) NOT NULL,
  `quantity_type` varchar(100) NOT NULL
) ENGINE=InnoDB  DEFAULT CHARSET=utf8 AUTO_INCREMENT=16 ;

--
-- Dumping data for table `advance_product`
--

INSERT INTO `advance_product` (`advance_product_id`, `customer_id`, `product_name`, `product_quantity`, `quantity_type`) VALUES
(1, '111', 'রড', 10.00, 'ton'),
(2, '111', '7 Ring Cement', 5.00, 'mon'),
(3, '126', 'ksrm', 9.00, 'mon'),
(4, '126', 'ksrm', 9.00, 'ton'),
(5, '126', 'রড', -49.00, 'ton'),
(8, '111', '7 Ring Cement', 99996.00, 'paket'),
(9, '111', '7 Ring Cement', 99996.00, 'paket'),
(10, '111', '7 Ring Cement', 96.00, 'paket'),
(13, '001', 'ring1', 2995.00, 'mon'),
(14, '111', '7 Ring Cement', 4000.00, 'mon'),
(15, '126', 'রড1', 4019.50, 'mon');

-- --------------------------------------------------------

--
-- Table structure for table `calan`
--

CREATE TABLE IF NOT EXISTS `calan` (
`calan_id` int(11) NOT NULL,
  `calan_date` datetime NOT NULL,
  `customer_id` int(11) NOT NULL,
  `transport_cost` int(11) DEFAULT NULL,
  `laber_cost` int(11) DEFAULT NULL,
  `total_cost` int(11) NOT NULL,
  `due_amount` int(11) DEFAULT NULL,
  `advance_payment` int(11) DEFAULT NULL
) ENGINE=InnoDB  DEFAULT CHARSET=utf8 AUTO_INCREMENT=66 ;

--
-- Dumping data for table `calan`
--

INSERT INTO `calan` (`calan_id`, `calan_date`, `customer_id`, `transport_cost`, `laber_cost`, `total_cost`, `due_amount`, `advance_payment`) VALUES
(50, '2017-09-13 00:00:00', 0, NULL, NULL, 50, NULL, NULL),
(51, '0000-00-00 00:00:00', 0, 0, 0, 46, 0, 0),
(52, '2017-09-22 00:00:00', 0, 2, 2, 8, 6, 2),
(53, '2017-09-22 00:00:00', 0, 2, 2, 8, 6, 2),
(54, '2017-09-22 00:00:00', 0, 2, 2, 8, 6, 2),
(55, '2017-09-22 00:00:00', 0, 2, 2, 8, 6, 2),
(56, '2017-09-22 00:00:00', 0, 0, 0, 102, 0, 0),
(57, '2017-09-22 00:00:00', 0, 0, 0, 69, 0, 0),
(58, '2017-09-22 00:00:00', 0, 0, 0, 529, 0, 0),
(59, '2017-09-22 00:00:00', 0, 0, 0, 96, 0, 0),
(60, '2017-09-22 00:00:00', 0, 0, 0, 96, 0, 0),
(61, '2017-09-22 00:00:00', 0, 0, 0, 96, 0, 0),
(62, '2017-09-22 00:00:00', 0, 100, 2000, 13626, 3626, 10000),
(63, '2017-09-22 00:00:00', 0, 9, 9, 31, 22, 9),
(64, '2017-09-24 00:00:00', 1, 0, 0, 18, 0, 0),
(65, '2017-09-24 00:00:00', 1, 0, 0, 18, 0, 0);

-- --------------------------------------------------------

--
-- Table structure for table `customer`
--

CREATE TABLE IF NOT EXISTS `customer` (
  `customer_id` varchar(33) NOT NULL,
  `customer_name` varchar(55) NOT NULL,
  `address` varchar(111) NOT NULL,
  `number` varchar(55) NOT NULL,
  `driver_name` varchar(55) NOT NULL,
  `driver_number` varchar(55) NOT NULL
) ENGINE=InnoDB DEFAULT CHARSET=utf8;

--
-- Dumping data for table `customer`
--

INSERT INTO `customer` (`customer_id`, `customer_name`, `address`, `number`, `driver_name`, `driver_number`) VALUES
('', '', '', '', '0', '0'),
('001', 'saifulsaif', 'panthpathah,Dhaka', '01759998001', 'Md.Sajib', '01752474197'),
('1000', 'Shamim', 'Barai,Gopinathpor,Kasba,Brahmanbaria', '01759998001', '', ''),
('1001', 'saifulsaif', 'panthpathah,Dhaka', '01759998001', 'e', '2'),
('101', 'saifulsaif', 'panthapath', '01759998001', 'medul', '01670987692'),
('111', 'saiful', 'panthapath', '322323', 'sdf', '23232'),
('122', 'sajib', 'Barai,Gopinathpor,Kasba,Brahmanbaria', '01748', 'safik', '01776'),
('123', 'Shamim', 'Barai,Gopinathpor,Kasba,Brahmanbaria', '01789', 'Rafik', '01976'),
('124', 'Shamim', 'Barai,Gopinathpor,Kasba,Brahmanbaria', '01789', 'Rafiq', '01789'),
('126', 'jahid', 'horompur', '00000', 'irfan', '456789'),
('33', 'hasib', 'dd', '22', 'dsds', '22'),
('800', 'sdfs', 'dfsd', '23', 'safik', '01752474197'),
('802', 'ere', 'werwe', 'wer', '', ''),
('804', 'dsfsf', 'sdf', '', '', ''),
('812', 'limon', 'narangonj', '5343', 'asad', '456789'),
('814', 'fds', 'sdfs', '5344', 'fsdf', '232'),
('900', 'saifulsaif', 'Barai,Gopinathpor,Kasba,Brahmanbaria', '01759998001', '', ''),
('901', 'Shamim', 'panthpathah,Dhaka', '01759998001', '', ''),
('902', 'sajib', 'Barai,Gopinathpor,Kasba,Brahmanbaria', '01759998001', 'safik', '01752474197'),
('903', 'saifulsaif', 'panthpathah,Dhaka', '01759998001', '0', '0'),
('904', 'ismail', 'Barai,Gopinathpor,Kasba,Brahmanbaria', '01759998001', '0', '0'),
('906', 'সজিব', 'Barai,Gopinathpor,Kasba,Brahmanbaria', '01551806174', '0', '0');

-- --------------------------------------------------------

--
-- Table structure for table `customer_info`
--

CREATE TABLE IF NOT EXISTS `customer_info` (
`customer_info_id` int(33) NOT NULL,
  `date` varchar(33) NOT NULL,
  `customer_id` varchar(44) NOT NULL,
  `details` varchar(111) NOT NULL,
  `rate` varchar(100) NOT NULL,
  `amount` double(15,2) NOT NULL,
  `type` varchar(33) NOT NULL,
  `balance` double(15,2) NOT NULL
) ENGINE=InnoDB  DEFAULT CHARSET=utf8 AUTO_INCREMENT=362 ;

--
-- Dumping data for table `customer_info`
--

INSERT INTO `customer_info` (`customer_info_id`, `date`, `customer_id`, `details`, `rate`, `amount`, `type`, `balance`) VALUES
(239, '16-09-2017', '111', '', '', 1000.00, '', 1000.00),
(240, '16-09-2017', '111', '', '', 1000.00, 'credit', 2000.00),
(241, '16-09-2017', '111', '', '', 11.00, 'debit', 1989.00),
(242, '16-09-2017', '111', 'cement 100 pak', '10', 0.00, 'no', 1989.00),
(243, '16-09-2017', '111', 'cement 100 pak', '10', 100.00, 'debit', 1889.00),
(244, '16-09-2017', '111', '', '', 100000.00, 'credit', 101889.00),
(245, '16-09-2017', '111', '', '', 100000.00, 'credit', 101889.00),
(246, '16-09-2017', '111', '', '', 1000.00, 'credit', 102889.00),
(247, '16-09-2017', '111', '', '', 100000.00, 'credit', 202889.00),
(248, '16-09-2017', '111', '', '', 100000.00, 'credit', 302889.00),
(249, '16-09-2017', '111', '', '', 1000.00, 'credit', 303889.00),
(250, '16-09-2017', '126', '', '', 1000.00, 'credit', 304889.00),
(251, '16-09-2017', '126', '', '', 1000.00, 'credit', 1000.00),
(252, '16-09-2017', '126', '', '', 1000.00, 'credit', 2000.00),
(253, '16-09-2017', '111', '', '', 1000.00, 'credit', 1000.00),
(254, '16-09-2017', '126', '', '', 100.00, 'debit', 1900.00),
(255, '16-09-2017', '126', '', '', 1000.00, 'credit', 2900.00),
(256, '16-09-2017', '126', '', '', 100.00, 'credit', 3000.00),
(257, '16-09-2017', '126', '', '', 100.00, 'credit', 100.00),
(258, '16-09-2017', '126', '', '', 100.00, 'debit', 0.00),
(259, '16-09-2017', '126', '', '', 100.00, 'debit', -100.00),
(260, '16-09-2017', '126', '', '', 1000.00, 'credit', 900.00),
(261, '16-09-2017', '126', '', '', 1000.00, 'credit', 1900.00),
(262, '16-09-2017', '126', '', '', 1000.00, 'credit', 2900.00),
(263, '16-09-2017', '126', '', '', 1000.00, 'credit', 1000.00),
(264, '16-09-2017', '126', '', '', 1000.00, 'credit', 2000.00),
(265, '16-09-2017', '126', '', '', 100.00, 'credit', 100.00),
(266, '16-09-2017', '001', '', '', 1000.00, 'credit', 1000.00),
(267, '16-09-2017', '111', '', '', 1000.00, 'credit', 2000.00),
(268, '16-09-2017', '001', '', '', 1000.00, 'credit', 3000.00),
(269, '16-09-2017', '001', '', '', 1000.00, 'credit', 4000.00),
(270, '16-09-2017', '001', '', '', 1000.00, 'credit', 5000.00),
(271, '16-09-2017', '001', '', '', 1000.00, 'credit', 1100.00),
(272, '16-09-2017', '122', '', '', 33.00, 'credit', 33.00),
(273, '16-09-2017', '122', '', '', 1000.00, 'credit', 1033.00),
(274, '16-09-2017', '122', '', '', 200.00, 'credit', 1233.00),
(275, '16-09-2017', '122', '', '', 1000.00, 'credit', 2233.00),
(276, '16-09-2017', '122', '', '', 1000.00, 'credit', 3233.00),
(277, '16-09-2017', '122', '', '', 1000.00, 'debit', 2233.00),
(278, '16-09-2017', '122', 'cement 100 pak', '10', 0.00, 'no', 2233.00),
(279, '16-09-2017', '122', '', '', 200.00, 'credit', 2433.00),
(280, '16-09-2017', '122', '', '', 200.00, 'credit', 2633.00),
(281, '16-09-2017', '126', '', '', 1000.00, 'credit', 1100.00),
(282, '16-09-2017', '126', '', '', 1000.00, 'credit', 2100.00),
(283, '16-09-2017', '126', '', '', 100.00, 'credit', 2200.00),
(284, '16-09-2017', '126', '', '', 100.00, 'credit', 2300.00),
(285, '16-09-2017', '126', '', '', 100.00, 'credit', 2400.00),
(286, '17-09-2017', '111', '', '', 100000.00, 'credit', 102000.00),
(287, '17-09-2017', '001', '', '', 1000.00, 'credit', 2100.00),
(288, '17-09-2017', '111', '', '', 100.00, 'credit', 102100.00),
(289, '17-09-2017', '111', '', '', 100.00, 'credit', 102200.00),
(290, '17-09-2017', '111', '', '', 100.00, 'credit', 102300.00),
(291, '17-09-2017', '111', '', '', 100.00, 'credit', 102300.00),
(292, '17-09-2017', '111', '', '', 200.00, 'credit', 102500.00),
(293, '17-09-2017', '111', '', '', 500.00, 'credit', 500.00),
(294, '17-09-2017', '111', '', '', 100.00, 'credit', 600.00),
(295, '17-09-2017', '111', '', '', 100.00, 'credit', 100.00),
(296, '17-09-2017', '001', '', '', 100.00, 'credit', 2200.00),
(297, '17-09-2017', '001', '', '', 100.00, 'credit', 100.00),
(298, '17-09-2017', '111', '', '', 100.00, 'credit', 200.00),
(299, '17-09-2017', '111', '', '', 1000.00, 'credit', 1200.00),
(300, '17-09-2017', '111', '', '', 1000.00, 'credit', 2200.00),
(301, '17-09-2017', '001', '', '', 1000.00, 'credit', 1100.00),
(302, '17-09-2017', '001', '', '', 1000.00, 'credit', 2100.00),
(303, '17-09-2017', '001', '', '', 1000.00, 'credit', 3100.00),
(304, '17-09-2017', '001', 'bsrm 40kg ', '10', 0.00, 'no', 3100.00),
(305, '17-09-2017', '101', '', '', 1000.00, 'credit', 1000.00),
(306, '17-09-2017', '101', '', '', 1000.00, 'credit', 2000.00),
(307, '17-09-2017', '101', '', '', 1000.00, 'credit', 3000.00),
(308, '17-09-2017', '101', '', '', 1000.00, 'credit', 1000.00),
(309, '17-09-2017', '101', '', '', 1000.00, 'credit', 2000.00),
(310, '17-09-2017', '101', '', '', 1000.00, 'credit', 3000.00),
(311, '17-09-2017', '101', '', '', 1000.00, 'debit', 2000.00),
(312, '17-09-2017', '101', '', '', 1000.00, 'credit', 4000.00),
(313, '17-09-2017', '101', '', '', 1000.00, 'credit', 5000.00),
(314, '17-09-2017', '101', '', '', 1000.00, 'credit', 6000.00),
(315, '17-09-2017', '101', '', '', 1000.00, 'debit', 5000.00),
(316, '17-09-2017', '101', '', '', 1000.00, 'debit', 5000.00),
(317, '17-09-2017', '101', '', '', 1000.00, 'credit', 6000.00),
(318, '17-09-2017', '101', '', '', 1000.00, 'debit', 5000.00),
(319, '17-09-2017', '101', '', '', 1000.00, 'debit', 4000.00),
(320, '17-09-2017', '101', '', '', 1000.00, 'credit', 5000.00),
(321, '17-09-2017', '101', 'cement 100 pak', '10', 0.00, 'no', 5000.00),
(322, '17-09-2017', '101', '', '', 1000.00, 'credit', 6000.00),
(323, '17-09-2017', '101', '', '', 200.00, 'debit', 5800.00),
(324, '17-09-2017', '101', '', '', 33.00, 'credit', 5833.00),
(325, '17-09-2017', '101', '', '', 67.00, 'credit', 5900.00),
(326, '17-09-2017', '101', '', '', 1000.00, 'credit', 6900.00),
(327, '17-09-2017', '101', '', '', 100.00, 'credit', 7000.00),
(328, '17-09-2017', '101', '', '', 1000.00, 'debit', 6000.00),
(329, '17-09-2017', '126', '', '', 1000.00, 'debit', 1400.00),
(330, '17-09-2017', '126', '', '', 1.00, 'credit', 1401.00),
(331, '17-09-2017', '126', '', '', 1.00, 'credit', 1402.00),
(332, '17-09-2017', '122', '', '', 1000.00, 'credit', 3633.00),
(333, '17-09-2017', '122', '', '', 33.00, 'debit', 3600.00),
(334, '17-09-2017', '122', '', '', 100.00, 'credit', 3700.00),
(335, '17-09-2017', '122', '', '', 100.00, 'credit', 3800.00),
(336, '17-09-2017', '111', '', '', 200.00, 'debit', 2000.00),
(337, '17-09-2017', '111', '', '', 1000.00, 'credit', 3000.00),
(338, '17-09-2017', '111', '', '', 1000.00, 'credit', 4000.00),
(339, '2017-09-18', '1000', 'saif', '', 500.00, 'credit', 500.00),
(340, '2017-09-18', '0001', 'samin', '', 100000.00, 'credit', 100000.00),
(341, '2017-09-18', '0001', 'samin', '', 100000.00, 'credit', 200000.00),
(342, '2017-09-18', '1000', 'samin', '', 100000.00, 'credit', 100500.00),
(343, '18-09-2017', '1000', '', '', 100.00, 'debit', 100400.00),
(344, '2017-09-19', '111', 'saif', '', 44.00, 'credit', 4044.00),
(345, '0', '0', '0', '', 0.00, 'credit', 0.00),
(346, '0', '0', '0', '', 0.00, 'credit', 0.00),
(347, '0', '0', '0', '', 0.00, 'credit', 0.00),
(348, '0', '0', '0', '', 0.00, 'credit', 0.00),
(349, '0', '0', '0', '', 0.00, 'credit', 0.00),
(350, '0', '0', '0', '', 0.00, 'credit', 0.00),
(351, '0', '0', '0', '', 0.00, 'credit', 0.00),
(352, '0', '0', '0', '', 0.00, 'credit', 0.00),
(353, '0', '0', '0', '', 0.00, 'credit', 0.00),
(354, '0', '0', '0', '', 0.00, 'credit', 0.00),
(355, '0', '0', '0', '', 0.00, 'credit', 0.00),
(356, '0', '0', '0', '', 0.00, 'credit', 0.00),
(357, '0', '0', '0', '', 0.00, 'credit', 0.00),
(358, '2017-09-19', '111', 'saiful', '', 200.00, 'credit', 4244.00),
(359, '2017-09-19', '111', 'saiful', '', 2003.00, 'credit', 6247.00),
(360, '2017-09-19', '111', 'saiful', '', 20034.00, 'credit', 26281.00),
(361, '19-09-2017', '001', 'bkash', '', 1000.00, 'debit', 2100.00);

-- --------------------------------------------------------

--
-- Table structure for table `daily`
--

CREATE TABLE IF NOT EXISTS `daily` (
`daily_id` int(22) NOT NULL,
  `debit` varchar(111) NOT NULL,
  `credit` varchar(111) NOT NULL
) ENGINE=InnoDB  DEFAULT CHARSET=utf8 AUTO_INCREMENT=36 ;

--
-- Dumping data for table `daily`
--

INSERT INTO `daily` (`daily_id`, `debit`, `credit`) VALUES
(12, '0', '0'),
(13, '0', '0'),
(14, '1', '1'),
(15, '0', '0'),
(16, '22', '22'),
(17, '0', '0'),
(18, '1', '1'),
(19, '0', '0'),
(20, '0', '0'),
(21, '0', '0'),
(22, '0', '0'),
(23, '0', '0'),
(24, '0', '0'),
(25, '0', '0'),
(26, '0', '0'),
(27, '0', '0'),
(28, '0', '0'),
(29, '0', '0'),
(30, '0', '0'),
(31, '0', '0'),
(32, '0', '0'),
(33, '0', '0'),
(34, '0', '0'),
(35, '0', '0');

-- --------------------------------------------------------

--
-- Table structure for table `daily_earn`
--

CREATE TABLE IF NOT EXISTS `daily_earn` (
`daily_earn_id` int(22) NOT NULL,
  `date` date NOT NULL,
  `earn_details` varchar(33) NOT NULL,
  `amount` double(15,2) NOT NULL,
  `total_amount` varchar(100) NOT NULL
) ENGINE=InnoDB  DEFAULT CHARSET=utf8 AUTO_INCREMENT=88 ;

--
-- Dumping data for table `daily_earn`
--

INSERT INTO `daily_earn` (`daily_earn_id`, `date`, `earn_details`, `amount`, `total_amount`) VALUES
(34, '2017-08-23', 'Ring', 20000.00, '27406'),
(39, '2017-08-25', 'Cement', 30.00, '7151'),
(40, '0000-00-00', '', 0.00, '7121'),
(41, '2017-08-26', 'Ring', 33.00, '7121'),
(42, '2017-08-26', 'Ring', 100.00, '7088'),
(43, '2017-08-27', 'Cement', 122.00, '6988'),
(44, '2017-08-27', 'BSRM cement new hoise', 200.00, '6866'),
(45, '2017-08-27', 'Cement', 122.00, '6666'),
(46, '2017-08-28', 'BSRM cement new hoise', 200.00, '6544'),
(47, '2017-09-09', 'jamal', 500.00, '6344'),
(48, '2017-09-06', 'jamal', 500.00, '5844'),
(50, '2017-09-10', 'Ring', 90.00, '4344'),
(51, '2017-09-10', 'cghgj', 23.00, '4254'),
(52, '2017-09-10', 'Cement', 100.00, '4231'),
(59, '0000-00-00', 'Cement', 100.00, '3665'),
(62, '2017-09-10', 'Cement', 100.00, '3365'),
(63, '2017-09-10', 'Cement', 100.00, '3265'),
(64, '2017-09-10', 'Cement', 100.00, '3165'),
(65, '2017-09-10', 'Ring', 100.00, '3065'),
(66, '2017-09-10', 'Ring', 33.00, '2965'),
(67, '2017-09-10', 'BSRM cement new hoise', 100.00, '2932'),
(68, '2017-09-10', 'BSRM cement new hoise', 33.00, '2832'),
(70, '2017-09-11', 'BSRM cement new hoise', 1000.00, '2699'),
(73, '2017-09-11', 'Cement', 100.00, '1599'),
(74, '2017-09-11', 'Ring', 25.00, '1499'),
(75, '2017-09-12', 'Cement', 1000.00, '1474'),
(76, '0000-00-00', 'পণ্যনের বিবরন', 100.00, '474'),
(77, '2017-09-16', 'Ring', 100.00, '374'),
(78, '2017-09-16', 'rod', 1.00, '274'),
(79, '0000-00-00', '0', 0.00, '273'),
(80, '2017-09-19', 'Cement', 33.00, '273'),
(81, '2017-09-19', 'Ring', 5.50, '240'),
(82, '2017-09-19', 'Cement', 33.55, '234.5'),
(83, '2017-09-19', 'rod', 0.50, '200.95'),
(84, '2017-09-19', 'rod', 0.45, '200.45'),
(85, '2017-09-20', 'Ring', 0.00, '200'),
(86, '2017-09-20', 'Cement', 100.00, '200'),
(87, '2017-09-22', 'Cement', 100.00, '100');

-- --------------------------------------------------------

--
-- Table structure for table `daily_expenses`
--

CREATE TABLE IF NOT EXISTS `daily_expenses` (
`daily_expenses_id` int(33) NOT NULL,
  `date` date NOT NULL,
  `expenses_details` varchar(111) NOT NULL,
  `amount` double(15,2) NOT NULL
) ENGINE=InnoDB  DEFAULT CHARSET=utf8 AUTO_INCREMENT=77 ;

--
-- Dumping data for table `daily_expenses`
--

INSERT INTO `daily_expenses` (`daily_expenses_id`, `date`, `expenses_details`, `amount`) VALUES
(52, '2017-08-23', 'vehicle', 5000.00),
(53, '2017-08-24', 'tea', 122.00),
(54, '2017-08-24', 'Cha khoeroc', 33.00),
(55, '2017-08-24', 'tea', 122.00),
(56, '2017-08-24', 'tea', 122.00),
(57, '2017-08-25', 'tea', 33.00),
(59, '2017-08-25', 'Toast', 33.00),
(60, '2017-09-09', 'tea', 33.00),
(61, '2017-09-10', 'tea', 54.00),
(62, '2017-09-10', 'tea', 50.00),
(65, '2017-09-11', 'tea', 200.00),
(66, '2017-09-11', 'tea', 100.00),
(67, '2017-09-12', 'tea', 25.00),
(68, '2017-09-12', 'Cha khoeroc', 0.00),
(69, '2017-09-15', 'tea', 100.00),
(70, '2017-09-16', 'Cha khoeroc', 100.00),
(71, '2017-09-19', 'Cha khoeroc', 0.00),
(72, '2017-09-19', 'Cha khoeroc', 0.00),
(73, '2017-09-19', 'tea', 1000.00),
(74, '2017-09-19', 'tea', 4.50),
(75, '2017-09-19', 'tea', 0.50),
(76, '2017-09-20', 'aa', 50.00);

-- --------------------------------------------------------

--
-- Table structure for table `daily_product`
--

CREATE TABLE IF NOT EXISTS `daily_product` (
`daily_buy_id` int(33) NOT NULL,
  `date` varchar(33) NOT NULL,
  `product_name` varchar(111) NOT NULL,
  `quantity` varchar(111) NOT NULL,
  `amount` double(15,2) NOT NULL
) ENGINE=InnoDB  DEFAULT CHARSET=utf8 AUTO_INCREMENT=22 ;

--
-- Dumping data for table `daily_product`
--

INSERT INTO `daily_product` (`daily_buy_id`, `date`, `product_name`, `quantity`, `amount`) VALUES
(2, '2017-08-22', '7 Ring Cement', '20', 0.00),
(3, '2017-08-24', '7 Ring Cement', '৪৮', 5033.00),
(4, '2017-09-06', '7 Ring Cement', '44', 0.00),
(5, '2017-09-06', '7 Ring Cement', '20', 0.00),
(6, '0', '0', '0', 0.00),
(7, '2017-09-10', 'রড', '৪৮', 0.00),
(8, '0', '0', '0', 0.00),
(13, '2017-09-11', '7 Ring Cement', '20kg', 2000.00),
(14, '2017-09-11', 'রড', '2kg', 100.00),
(15, '2017-09-16', '7 Ring Cement', '2', 100.00),
(16, '2017-09-16', '7 Ring Cement 44.6 kg', '0', 1000.00),
(17, '2017-09-17', 'রড', '0', 100.00),
(18, '2017-09-17', '7 Ring Cement', '1.5', 100.00),
(19, '2017-09-19', 'রড', '1.5', 100.00),
(20, '2017-09-19', 'tiger', '2', 100.00),
(21, '2017-09-19', 'রড', '2', 100.00);

-- --------------------------------------------------------

--
-- Table structure for table `enrol`
--

CREATE TABLE IF NOT EXISTS `enrol` (
`rol_no` int(11) NOT NULL,
  `student_id` int(11) NOT NULL
) ENGINE=InnoDB  DEFAULT CHARSET=utf8 AUTO_INCREMENT=3 ;

--
-- Dumping data for table `enrol`
--

INSERT INTO `enrol` (`rol_no`, `student_id`) VALUES
(1, 2),
(2, 2);

-- --------------------------------------------------------

--
-- Table structure for table `mahajon`
--

CREATE TABLE IF NOT EXISTS `mahajon` (
  `mahajon_id` varchar(33) NOT NULL,
  `mahajon_name` varchar(33) NOT NULL,
  `address` varchar(111) NOT NULL,
  `number` varchar(111) NOT NULL
) ENGINE=InnoDB DEFAULT CHARSET=utf8;

--
-- Dumping data for table `mahajon`
--

INSERT INTO `mahajon` (`mahajon_id`, `mahajon_name`, `address`, `number`) VALUES
('1', 'jamil', 'panthpathah,Dhaka', '01759998001'),
('2', 'sajib', 'panthpathah,Dhaka', '01960363152'),
('3', 'mahmud', 'Barai,Gopinathpor,Kasba,Brahmanbaria', '01759998001'),
('4', 'sajib', 'পান্থাপাথ', '01789'),
('5', 'mahmud', 'Barai,Gopinathpor,Kasba,Brahmanbaria', '01789'),
('6', 'jamal hosen', 'koti bazal', '01759998001'),
('7', 'ripon', 'brahmanbaria', '01759998001');

-- --------------------------------------------------------

--
-- Table structure for table `mahajon_info`
--

CREATE TABLE IF NOT EXISTS `mahajon_info` (
`mahajon_info_id` int(33) NOT NULL,
  `date` varchar(33) NOT NULL,
  `mahajon_id` varchar(111) NOT NULL,
  `details` varchar(111) NOT NULL,
  `rate` varchar(100) NOT NULL,
  `amount` double(15,2) NOT NULL,
  `type` varchar(111) NOT NULL,
  `balance` double(15,2) NOT NULL
) ENGINE=InnoDB  DEFAULT CHARSET=utf8 AUTO_INCREMENT=108 ;

--
-- Dumping data for table `mahajon_info`
--

INSERT INTO `mahajon_info` (`mahajon_info_id`, `date`, `mahajon_id`, `details`, `rate`, `amount`, `type`, `balance`) VALUES
(21, '2017-09-10', '1', '', '', 500.00, 'credit', 2500.00),
(22, '2017-09-10', '1', '', '', 500.00, 'no', 2000.00),
(23, '2017-09-10', '1', 'ring 10 kg', '7', 0.00, 'no', 2000.00),
(24, '10-09-2017', '1', 'cement 100 pak', '3', 0.00, 'no', 2000.00),
(25, '10-09-2017', '1', '', '', 500.00, 'credit', 3000.00),
(26, '10-09-2017', '1', '', '', 200.00, 'credit', 3200.00),
(27, '10-09-2017', '1', '', '', 100.00, 'debit', 3100.00),
(28, '10-09-2017', '1', 'bsrm 40kg ', '', 0.00, 'no', 3200.00),
(29, '10-09-2017', '1', 'bsrm 40kg ', '', 0.00, 'no', 3200.00),
(30, '10-09-2017', '1', '', '', 10.00, 'credit', 3210.00),
(31, '10-09-2017', '1', '', '', 10.00, 'debit', 3200.00),
(32, '10-09-2017', '1', 'cement 100 pak', '', 0.00, 'no', 3210.00),
(33, '10-09-2017', '1', '', '', 90.00, 'credit', 3300.00),
(34, '10-09-2017', '1', 'bsrm 30kg ', '', 0.00, 'no', 3300.00),
(35, '10-09-2017', '1', '', '', 300.00, 'debit', 3000.00),
(36, '10-09-2017', '1', 'cement 100 pak', '', 0.00, 'no', 3300.00),
(37, '10-09-2017', '1', '', '', 300.00, 'debit', 3000.00),
(38, '10-09-2017', '2', '', '', 10000.00, 'credit', 13000.00),
(39, '10-09-2017', '2', '', '', 5000.00, 'debit', 8000.00),
(40, '10-09-2017', '2', 'bsrm 40kg ', '', 0.00, 'no', 8000.00),
(41, '10-09-2017', '2', '', '', 2000.00, 'credit', 10000.00),
(42, '10-09-2017', '2', '', '', 2000.00, 'debit', 8000.00),
(43, '10-09-2017', '2', 'bsrm 40kg ', '12', 0.00, 'no', 8000.00),
(44, '10-09-2017', '2', 'bsrm 30kg ', '10', 0.00, 'no', 8000.00),
(45, '10-09-2017', '3', '', '', 100.00, 'credit', 8100.00),
(46, '10-09-2017', '4', '', '', 100.00, 'credit', 100.00),
(47, '10-09-2017', '5', '', '', 5000.00, 'debit', -5000.00),
(48, '10-09-2017', '1', '', '', 2000.00, 'debit', 1000.00),
(49, '10-09-2017', '2', '', '', 2000.00, 'credit', 10000.00),
(50, '10-09-2017', '1', 'bsrm 40kg ', '3', 0.00, 'no', 1000.00),
(51, '10-09-2017', '1', '', '', 1000.00, 'debit', 0.00),
(52, '10-09-2017', '1', 'cement 100 pak', '', 0.00, 'no', 0.00),
(53, '10-09-2017', '<div ', '', '', 1000.00, 'credit', 1000.00),
(54, '10-09-2017', '5', '6', '', 1000.00, 'credit', -4000.00),
(55, '10-09-2017', '2', '2', '', 10000.00, 'credit', 20000.00),
(56, '10-09-2017', '2', '6', '', 100.00, 'credit', 20100.00),
(57, '10-09-2017', '6', '', '', 1000.00, 'credit', 1000.00),
(58, '10-09-2017', '6', 'cement 100 pak', '10', 0.00, 'no', 1000.00),
(59, '10-09-2017', '7', '7', '', 15777.00, 'credit', 15777.00),
(60, '10-09-2017', '7', '', '', 1000.00, 'debit', 14777.00),
(61, '10-09-2017', '7', 'bsrm 30kg ', '3', 0.00, 'no', 14777.00),
(62, '11-09-2017', '6', '', '', 1000.00, 'debit', 0.00),
(63, '11-09-2017', '6', '', '', 10003.00, 'credit', 10003.00),
(64, '11-09-2017', '6', '', '', 3.00, 'debit', 10000.00),
(65, '11-09-2017', '6', 'cement 100 pak', '12', 0.00, 'no', 10000.00),
(66, '16-09-2017', '1', 'bsrm 40kg ', '12', 100.00, 'no', 0.00),
(67, '16-09-2017', '6', 'cement 100 pak', '10', 15000.00, 'credit', 25000.00),
(68, '17-09-2017', '1', '', '', 1000.00, 'credit', 1000.00),
(69, '17-09-2017', '1', '', '', 1000.00, 'credit', 2000.00),
(70, '17-09-2017', '6', '', '', 100.00, 'credit', 25100.00),
(71, '17-09-2017', '6', '', '', 100.00, 'credit', 25200.00),
(72, '17-09-2017', '6', '', '', 1000.00, 'no', 25200.00),
(73, '17-09-2017', '6', '', '', 1000.00, 'credit', 26200.00),
(74, '17-09-2017', '6', '', '', 1000.00, 'credit', 27200.00),
(75, '17-09-2017', '6', '', '', 1000.00, 'credit', 1000.00),
(76, '17-09-2017', '6', '', '', 1000.00, 'credit', 1000.00),
(77, '17-09-2017', '6', '', '', 1000.00, 'credit', 2000.00),
(78, '17-09-2017', '6', '', '', 200.00, 'credit', 2200.00),
(79, '17-09-2017', '6', '', '', 200.00, 'debit', 2000.00),
(80, '17-09-2017', '6', '', '', 1000.00, 'credit', 3000.00),
(81, '17-09-2017', '6', '', '', 1000.00, 'credit', 4000.00),
(82, '17-09-2017', '6', '', '', 2200.00, 'credit', 6200.00),
(83, '17-09-2017', '6', '', '', 2200.00, 'credit', 8400.00),
(84, '17-09-2017', '6', '', '', 1000.00, 'credit', 9400.00),
(85, '17-09-2017', '6', '', '', 1000.00, 'debit', 8400.00),
(86, '17-09-2017', '6', 'cement 100 pak', '12', 0.00, 'no', 8400.00),
(87, '17-09-2017', '6', '', '', 1000.00, 'credit', 9400.00),
(88, '17-09-2017', '6', '', '', 1000.00, 'credit', 10400.00),
(89, '17-09-2017', '4', '', '', 1000.00, 'credit', 1100.00),
(90, '17-09-2017', '4', '', '', 1000.00, 'credit', 2100.00),
(91, '17-09-2017', '4', '', '', 1000.00, 'credit', 3100.00),
(92, '17-09-2017', '4', 'bsrm 40kg ', '10', 0.00, 'no', 3100.00),
(93, '17-09-2017', '4', '', '', 100.00, 'debit', 3000.00),
(94, '17-09-2017', '4', '', '', 1000.00, 'credit', 4000.00),
(95, '17-09-2017', '7', '', '', 1000.00, 'credit', 15777.00),
(96, '17-09-2017', '7', '', '', 1000.00, 'credit', 16777.00),
(97, '17-09-2017', '7', '', '', 1000.00, 'debit', 15777.00),
(98, '17-09-2017', '7', '', '', 1000.00, 'credit', 16777.00),
(99, '17-09-2017', '7', '', '', 1000.00, 'credit', 17777.00),
(100, '17-09-2017', '7', '', '', 7777.00, 'debit', 10000.00),
(101, '18-09-2017', '4', '', '', 200.00, 'credit', 4200.00),
(102, '18-09-2017', '4', '', '', 200.00, 'credit', 4400.00),
(103, '18-09-2017', '4', '', '', 100.50, 'credit', 4500.50),
(104, '18-09-2017', '4', '', '', 300.00, 'credit', 4800.50),
(105, '18-09-2017', '4', '', '', 100.00, 'no', 4800.50),
(106, '18-09-2017', '4', '', '', 4800.50, 'debit', 0.00),
(107, '18-09-2017', '4', '', '', 1000.00, 'credit', 1000.00);

-- --------------------------------------------------------

--
-- Table structure for table `order`
--

CREATE TABLE IF NOT EXISTS `order` (
`order_id` int(22) NOT NULL,
  `product_code` varchar(55) NOT NULL,
  `product_detial` varchar(55) NOT NULL,
  `quantity` varchar(55) NOT NULL,
  `type` varchar(55) NOT NULL,
  `calan_number` varchar(55) NOT NULL,
  `calan_date` varchar(55) NOT NULL,
  `customer_id` varchar(55) NOT NULL
) ENGINE=InnoDB  DEFAULT CHARSET=utf8 AUTO_INCREMENT=271 ;

--
-- Dumping data for table `order`
--

INSERT INTO `order` (`order_id`, `product_code`, `product_detial`, `quantity`, `type`, `calan_number`, `calan_date`, `customer_id`) VALUES
(30, '54', 'রড', '2', 'গ্রাম', '815', '2017-08-25', '814'),
(31, '76', 'রড', '11', 'কেজি', '811', '2017-08-25', '812'),
(33, '11', 'রড', '20', 'কেজি', '20', '2017-08-26', '101'),
(121, '0', 'cement', '33', 'কেজি', '1111', '2017-08-26', '1111'),
(122, '0', 'রড', '2', 'bandel', '12', '2017-08-26', '111'),
(123, '0', 'cement', '2', 'কেজি', '002', '2017-08-26', '001'),
(124, '0', 'রড', '101', 'কেজি', '002', '2017-08-26', '001'),
(125, '0', 'রড', '৪৮', 'কেজি', '13', '2017-08-27', '814'),
(126, '0', 'রড', '20', 'মণ', '12', '2017-08-27', '902'),
(127, '0', 'রড', '434', 'কেজি', '12', '2017-08-27', '111'),
(128, '0', 'BSRM', '10', 'কেজি', '12', '2017-08-27', '111'),
(129, '0', 'রড', '21', 'কেজি', '1', '2017-08-27', '800'),
(130, '0', 'রড', '৪৮', 'বান্ডেল', '1', '2017-08-27', '816'),
(132, '0', 'cement', '11', 'কেজি', '2', '2017-08-28', '816'),
(137, '0', '7 Ring Cement', '2', 'Bundle', '815', '2017-08-28', '814'),
(138, '0', 'রড', '20', 'Kg', '815', '2017-08-28', '816'),
(139, '0', '7 Ring Cement', '20', 'Bundle', '815', '2017-08-28', '814'),
(140, '0', 'cement', '2', 'Kg', '815', '2017-08-28', '814'),
(141, '0', 'রড', '300', 'Kg', '815', '2017-08-28', '814'),
(142, '0', 'রড', '', 'Kg', '815', '2017-08-28', '814'),
(144, '0', 'five ring cement', '50', 'Kg', '815', '2017-08-28', '814'),
(145, '0', 'five ring cement', '10', 'Kg', '815', '2017-08-28', '814'),
(148, '0', 'রড', '20', 'Bundle', '4', '2017-09-06', '901'),
(149, '0', 'Whole Cim', '20', 'Bundle', '4', '2017-09-08', '814'),
(150, '0', 'Whole Cim', '20', 'Kg', '1', '2017-09-09', '904'),
(151, '0', 'রড', '20', 'Kg', '13', '2017-09-11', '001'),
(152, '0', 'Whole Cim', '20', 'Kg', '2', '2017-09-11', '126'),
(153, '0', 'cement', '20', 'paket', '2', '2017-09-11', '126'),
(156, '0', 'tt', '10', 'Gram', '2', '2017-09-11', '001'),
(164, '0', 'ksrm', '20', 'kg', '2', '2017-09-11', '126'),
(172, '0', '7 Ring Cement', '20', 'kg', '2', '2017-09-12', '126'),
(185, '0', 'রড', '20', 'kg', '2', '2017-09-12', '126'),
(186, '0', '7 Ring Cement', '50', 'ton', '2', '2017-09-12', '126'),
(187, '0', '7 Ring Cement', '20', 'kg', '2', '2017-09-12', '126'),
(188, '0', '7 Ring Cement', '5', 'mon', '2', '2017-09-12', '126'),
(189, '0', 'ring2', '150', 'ton', '2', '2017-09-12', '126'),
(190, '0', 'tiger', '20', 'kg', '2', '2017-09-12', '126'),
(191, '0', 'tiger', '20', 'paket', '2', '2017-09-12', '126'),
(192, '0', 'ring1', '1000', 'kg', '3', '2017-09-12', '001'),
(193, '0', 'ring2', '2', 'mon', '2', '2017-09-13', '126'),
(194, '0', 'ring2', '20', 'kg', '33', '2017-09-13', '126'),
(195, '0', 'ring2', '2', 'kg', '1', '2017-09-13', '001'),
(196, '0', '7 Ring Cement', '2', 'kg', '2', '2017-09-14', '126'),
(197, '0', '7 Ring Cement', '2', 'kg', '12', '2017-09-14', '111'),
(198, '0', 'tiger', '2', 'kg', '2', '2017-09-14', '111'),
(199, '0', 'tiger', '2', 'kg', '2', '2017-09-15', '001'),
(200, '0', 'tiger', '2', 'kg', '3', '2017-09-15', '111'),
(201, '0', '7 Ring Cement', '2', 'kg', '3', '2017-09-15', '111'),
(202, '0', 'tiger', '2', 'kg', '3', '2017-09-15', '126'),
(203, '0', '7 Ring Cement', '2', 'kg', '', '2017-09-15', '126'),
(204, '0', 'রড1', '2', 'kg', '3', '2017-09-15', '111'),
(205, '0', 'tiger', '1.5', 'kg', '3', '2017-09-15', '111'),
(206, '0', 'tiger', '2', 'kg', '3', '2017-09-15', '111'),
(207, '0', 'tiger', '2', 'kg', '4', '2017-09-15', '111'),
(208, '0', 'tiger', '2', 'kg', '4', '2017-09-15', '111'),
(209, '0', 'tiger', '20', 'kg', '1', '2017-09-15', '904'),
(210, '0', 'tiger', '2', 'kg', '1', '2017-09-15', '904'),
(211, '0', 'tiger', '1', 'kg', '2', '2017-09-15', '904'),
(212, '0', 'tiger', '20', 'kg', '2', '2017-09-15', '126'),
(213, '0', 'tiger', '20', 'kg', '1', '2017-09-15', '124'),
(214, '0', 'রড1', '2', 'kg', '1', '2017-09-15', '913'),
(215, '0', '7 Ring Cement', '20', 'kg', '1 ', '2017-09-15', '913 '),
(216, '0', '7 Ring Cement', '20', 'kg', '1', '2017-09-15', '1000'),
(217, '0', 'ring1', '20', 'kg', '1', '2017-09-15', '1000'),
(218, '0', 'ring2', '2', 'mon', '1 ', '2017-09-15', '1000 '),
(219, '0', '7 Ring Cement', '2', 'kg', '3', '2017-09-15', '001 '),
(220, '0', 'tiger', '2', 'kg', '2 ', '2017-09-15', '126 '),
(221, '0', 'tiger', '20', 'kg', '1', '2017-09-15', '911'),
(222, '0', '7 Ring Cement', '2', 'kg', '1 ', '2017-09-15', '911 '),
(223, '0', 'tiger', '2', 'kg', '2 ', '2017-09-15', '911  '),
(224, '0', '7 Ring Cement', '2', 'kg', '2  ', '2017-09-15', '911   '),
(225, '0', 'ring1', '5.5', 'kg', '3', '2017-09-17', '126  '),
(226, '0', 'ring1', '0.5', 'kg', '3 ', '2017-09-17', '126   '),
(227, '0', 'ring1', '1.5', 'kg', '3  ', '2017-09-17', '126    '),
(228, '0', 'ring1', '1.5', 'kg', '3   ', '2017-09-17', '126     '),
(229, '0', 'ring1', '1.5', 'kg', '3    ', '2017-09-17', '126      '),
(230, '0', 'ring1', '1.5', 'kg', '3     ', '2017-09-17', '126       '),
(231, '0', 'ring1', '1.5', 'kg', '3      ', '2017-09-17', '126        '),
(232, '0', 'ring1', '1.5', 'kg', '3       ', '2017-09-17', '126         '),
(233, '0', 'ring1', '1', 'kg', '3        ', '2017-09-17', '126          '),
(234, '0', 'ring1', '1', 'kg', '4', '2017-09-17', '001  '),
(235, '0', 'ring1', '1', 'kg', '4 ', '2017-09-17', '001   '),
(236, '0', 'ring1', '1.5', 'kg', '4  ', '2017-09-17', '001    '),
(237, '0', 'ring1', '1.5', 'kg', '4   ', '2017-09-17', '001     '),
(238, '0', 'ring1', '1.5', 'kg', '4    ', '2017-09-17', '001      '),
(239, '0', 'রড1', '1.5', 'kg', '4     ', '2017-09-17', '001       '),
(240, '0', 'ring2', '0.55', 'kg', '4      ', '2017-09-17', '001        '),
(241, '0', 'tiger', '0.11', 'kg', '4       ', '2017-09-17', '001         '),
(242, '0', 'রড1', '1.5', 'kg', '3         ', '2017-09-17', '126           '),
(243, '0', 'রড1', '1.5', 'kg', '3          ', '2017-09-17', '126            '),
(244, '0', 'ring2', '1.5', 'kg', '4        ', '2017-09-17', '001          '),
(245, '0', 'tiger', '2', 'kg', '4         ', '2017-09-17', '111        '),
(246, '0', 'tiger', '2', 'mon', '4          ', '2017-09-17', '126'),
(247, '0', 'tiger', '2', 'kg', '3       ', '2017-09-17', '126 '),
(248, '0', 'tiger', '2', 'kg', '4          ', '2017-09-18', '111         '),
(249, '0', 'tiger', '2', 'kg', '3    ', '2017-09-18', '111          '),
(250, '0', 'tiger', '20', 'kg', '3     ', '2017-09-18', '111           '),
(251, '0', 'tiger', '1.5', 'kg', '3      ', '2017-09-18', '111            '),
(252, '0', 'tiger', '2', 'kg', '3       ', '2017-09-19', '111             '),
(253, '0', 'tiger', '1.5', 'kg', '3        ', '2017-09-19', '111              '),
(254, '0', 'tiger', '৪৮', 'kg', '3         ', '2017-09-19', '111               '),
(255, '0', 'tiger', '2', 'kg', '5     ', '2017-09-19', '111                '),
(256, '0', 'tiger', '2', 'kg', '5      ', '2017-09-19', '111                 '),
(257, '0', 'tiger', '2', 'kg', '5       ', '2017-09-19', '111                  '),
(258, '0', 'tiger', '20', 'kg', '6      ', '2017-09-19', '111                   '),
(259, '0', 'tiger', '1.5', 'kg', '6       ', '2017-09-19', '111                    '),
(260, '0', 'রড1', '2', 'kg', '4         ', '2017-09-19', '001           '),
(261, '0', 'tiger', '1.5', 'kg', '4          ', '2017-09-19', '001            '),
(262, '0', 'tiger', '20', 'kg', '5       ', '2017-09-19', '001             '),
(263, '0', 'tiger', '2', 'kg', '5        ', '2017-09-19', '001              '),
(264, '0', 'tiger', '2', 'kg', '2 ', '2017-09-19', '904 '),
(265, '0', 'tiger', '2', 'kg', '1', '2017-09-19', '915'),
(266, '0', '7 Ring Cement', '2', 'kg', '2', '2017-09-19', '915 '),
(267, '0', 'tiger', '2', 'kg', '5         ', '2017-09-20', '001               '),
(268, '0', 'tiger', '1.5', 'kg', '5          ', '2017-09-20', '001                '),
(269, '0', 'tiger', '100', 'kg', '5           ', '2017-09-21', '001                 '),
(270, '0', '7 Ring Cement', '100', 'kg', '5            ', '2017-09-21', '001                  ');

-- --------------------------------------------------------

--
-- Table structure for table `payment`
--

CREATE TABLE IF NOT EXISTS `payment` (
`payment_id` int(11) NOT NULL,
  `customer_id` varchar(100) NOT NULL,
  `calan_number` varchar(100) NOT NULL,
  `rate` varchar(100) NOT NULL,
  `amount` varchar(100) NOT NULL,
  `total_amount` varchar(100) NOT NULL,
  `pay` varchar(100) NOT NULL,
  `due` varchar(100) NOT NULL,
  `date` varchar(100) NOT NULL,
  `reference` varchar(100) NOT NULL
) ENGINE=InnoDB  DEFAULT CHARSET=utf8 AUTO_INCREMENT=164 ;

--
-- Dumping data for table `payment`
--

INSERT INTO `payment` (`payment_id`, `customer_id`, `calan_number`, `rate`, `amount`, `total_amount`, `pay`, `due`, `date`, `reference`) VALUES
(150, '001', '', '', '', '', '100', '-122231', '2017-09-11', 'saif'),
(151, '001', '', '', '', '', '1033', '-121198', '2017-09-11', 'saif'),
(152, '111', '', '', '', '', '7000', '-23328', '2017-09-11', 'saiful'),
(153, '111', '', '', '', '', '1000', '-22328', '2017-09-11', 'saiful'),
(154, '111', '', '', '', '', '2323', '-20005', '2017-09-12', 'saif'),
(155, '001', '', '', '', '', '2', '-121196', '2017-09-12', 'saiful'),
(156, '001', '', '', '', '', '9', '-121187', '2017-09-12', 'saiful'),
(160, '001', '', '', '', '', '90', '-121097', '2017-09-12', 'saiful'),
(161, '001', '', '', '', '', '11', '-121086', '2017-09-12', 'saif'),
(162, '001', '', '', '', '', '111', '-120975', '2017-09-12', 'saif'),
(163, '001', '', '', '', '', '6543', '', '2017-09-16', 'saiful');

-- --------------------------------------------------------

--
-- Table structure for table `prodect`
--

CREATE TABLE IF NOT EXISTS `prodect` (
`product_id` int(33) NOT NULL,
  `product_type` varchar(33) NOT NULL,
  `product_name` varchar(111) NOT NULL,
  `product_quantity` double(15,2) NOT NULL,
  `quantity_type` varchar(100) NOT NULL,
  `date` varchar(111) NOT NULL
) ENGINE=InnoDB  DEFAULT CHARSET=utf8 AUTO_INCREMENT=24 ;

--
-- Dumping data for table `prodect`
--

INSERT INTO `prodect` (`product_id`, `product_type`, `product_name`, `product_quantity`, `quantity_type`, `date`) VALUES
(4, 'রিং', 'tiger', 3622.39, 'ton', '2017-09-11'),
(7, '0', '7 Ring Cement', -50256.00, 'paket', '0'),
(11, 'রড', '7 Ring Cement', 49644.00, 'ton', '2017-09-12'),
(16, 'রড', 'tiger', 3142.39, 'mon', '2017-09-12'),
(17, 'সিমেন্ট', 'tiger', 1322.39, 'paket', '2017-09-12'),
(19, 'রড', 'ring1', 9991.50, 'ton', '2017-09-12'),
(20, 'রড', 'রড1', 269189.50, 'ton', '2017-09-12'),
(21, 'রিং', 'ring2', 635.95, 'ton', '2017-09-12'),
(23, 'সিমেন্ট', 'lion Cement', 100.00, 'paket', '2017-09-13');

-- --------------------------------------------------------

--
-- Table structure for table `purchase_product`
--

CREATE TABLE IF NOT EXISTS `purchase_product` (
`purchase_id` int(11) NOT NULL,
  `product_name` varchar(200) NOT NULL,
  `total_qty` int(11) NOT NULL,
  `total_price` int(11) NOT NULL,
  `calan_id` int(11) NOT NULL
) ENGINE=InnoDB  DEFAULT CHARSET=utf8 AUTO_INCREMENT=10 ;

--
-- Dumping data for table `purchase_product`
--

INSERT INTO `purchase_product` (`purchase_id`, `product_name`, `total_qty`, `total_price`, `calan_id`) VALUES
(1, '0', 0, 0, 0),
(2, '0', 0, 0, 55),
(3, '0', 0, 0, 56),
(4, 'dsa', 32, 3, 61),
(5, 'dasda', 334, 34, 62),
(6, 'dsfsd', 34, 5, 62),
(7, 'wqwq', 2, 2, 63),
(8, 'ouiou', 3, 3, 63),
(9, 'fffffffff', 3, 3, 65);

-- --------------------------------------------------------

--
-- Table structure for table `student`
--

CREATE TABLE IF NOT EXISTS `student` (
`student_id` int(11) NOT NULL,
  `name` varchar(44) NOT NULL,
  `address` varchar(44) NOT NULL,
  `phone` varchar(44) NOT NULL
) ENGINE=InnoDB  DEFAULT CHARSET=utf8 AUTO_INCREMENT=3 ;

--
-- Dumping data for table `student`
--

INSERT INTO `student` (`student_id`, `name`, `address`, `phone`) VALUES
(1, 'saiful', 'panthapath', '54321'),
(2, 'saiful', 'panthapath', '54321');

-- --------------------------------------------------------

--
-- Table structure for table `tbl_admin`
--

CREATE TABLE IF NOT EXISTS `tbl_admin` (
`admin_id` int(11) NOT NULL,
  `admin_email_address` varchar(33) NOT NULL,
  `admin_password` varchar(44) NOT NULL
) ENGINE=InnoDB  DEFAULT CHARSET=utf8 AUTO_INCREMENT=3 ;

--
-- Dumping data for table `tbl_admin`
--

INSERT INTO `tbl_admin` (`admin_id`, `admin_email_address`, `admin_password`) VALUES
(1, 'saiful', 'saiful'),
(2, 'saiful', 'saiful');

-- --------------------------------------------------------

--
-- Table structure for table `test`
--

CREATE TABLE IF NOT EXISTS `test` (
`id` int(33) NOT NULL,
  `rate` varchar(33) NOT NULL,
  `quantity` varchar(33) NOT NULL
) ENGINE=InnoDB  DEFAULT CHARSET=utf8 AUTO_INCREMENT=479 ;

--
-- Dumping data for table `test`
--

INSERT INTO `test` (`id`, `rate`, `quantity`) VALUES
(1, '0', '0'),
(2, '', '$quantity'),
(3, '', '$quantity'),
(4, '0', '0'),
(5, '', ''),
(6, '0', '0'),
(7, '', ''),
(8, '0', '0'),
(9, '4', ''),
(10, '0', '0'),
(11, '10', ''),
(12, '0', '0'),
(13, '20', ''),
(14, '0', '0'),
(15, '', ''),
(16, '0', '0'),
(17, '3', ''),
(18, '0', '0'),
(19, '0', '0'),
(20, '0', '0'),
(21, '0', '0'),
(22, '0', '0'),
(23, '0', '0'),
(24, '0', '0'),
(25, '0', '0'),
(26, '0', '0'),
(27, '0', '0'),
(28, '0', '0'),
(29, '0', '0'),
(30, '0', '0'),
(31, '0', '0'),
(32, '0', '0'),
(33, '0', '0'),
(34, '0', '0'),
(35, '0', '0'),
(36, '0', '0'),
(37, '0', '0'),
(38, '0', '0'),
(39, '0', '0'),
(40, '0', '0'),
(41, '0', '0'),
(42, '0', '0'),
(43, '0', '0'),
(44, '0', '0'),
(45, '0', '0'),
(46, '0', '0'),
(47, '0', '0'),
(48, '0', '0'),
(49, '0', '0'),
(50, '0', '0'),
(51, '0', '0'),
(52, '0', '0'),
(53, '0', '0'),
(54, '0', '0'),
(55, '0', '0'),
(56, '0', '0'),
(57, '0', '0'),
(58, '0', '0'),
(59, '0', '0'),
(60, '0', '0'),
(61, '0', '0'),
(62, '0', '0'),
(63, '0', '0'),
(64, '0', '0'),
(65, '0', '0'),
(66, '0', '0'),
(67, '0', '0'),
(68, '0', '0'),
(69, '0', '0'),
(70, '0', '0'),
(71, '0', '0'),
(72, '0', '0'),
(73, '0', '0'),
(74, '0', '0'),
(75, '0', '0'),
(76, '0', '0'),
(77, '0', '0'),
(78, '0', '0'),
(79, '0', '0'),
(80, '0', '0'),
(81, '0', '0'),
(82, '0', '0'),
(83, '0', '0'),
(84, '0', '0'),
(85, '0', '0'),
(86, '0', '0'),
(87, '0', '0'),
(88, '0', '0'),
(89, '0', '0'),
(90, '0', '0'),
(91, '0', '0'),
(92, '0', '0'),
(93, '0', '0'),
(94, '0', '0'),
(95, '0', '0'),
(96, '0', '0'),
(97, '0', '0'),
(98, '0', '0'),
(99, '0', '0'),
(100, '0', '0'),
(101, '0', '0'),
(102, '0', '0'),
(103, '0', '0'),
(104, '0', '0'),
(105, '0', '0'),
(106, '0', '0'),
(107, '0', '0'),
(108, '0', '0'),
(109, '0', '0'),
(110, '0', '0'),
(111, '0', '0'),
(112, '0', '0'),
(113, '0', '0'),
(114, '0', '0'),
(115, '0', '0'),
(116, '0', '0'),
(117, '0', '0'),
(118, '0', '0'),
(119, '0', '0'),
(120, '0', '0'),
(121, '0', '0'),
(122, '0', '0'),
(123, '0', '0'),
(124, '0', '0'),
(125, '0', '0'),
(126, '0', '0'),
(127, '0', '0'),
(128, '0', '0'),
(129, '0', '0'),
(130, '0', '0'),
(131, '0', '0'),
(132, '0', '0'),
(133, '0', '0'),
(134, '0', '0'),
(135, '0', '0'),
(136, '0', '0'),
(137, '0', '0'),
(138, '0', '0'),
(139, '0', '0'),
(140, '0', '0'),
(141, '0', '0'),
(142, '0', '0'),
(143, '0', '0'),
(144, '0', '0'),
(145, '0', '0'),
(146, '0', '0'),
(147, '0', '0'),
(148, '0', '0'),
(149, '0', '0'),
(150, '0', '0'),
(151, '0', '0'),
(152, '0', '0'),
(153, '0', '0'),
(154, '0', '0'),
(155, '0', '0'),
(156, '0', '0'),
(157, '0', '0'),
(158, '0', '0'),
(159, '0', '0'),
(160, '0', '0'),
(161, '0', '0'),
(162, '0', '0'),
(163, '0', '0'),
(164, '0', '0'),
(165, '0', '0'),
(166, '0', '0'),
(167, '0', '0'),
(168, '0', '0'),
(169, '0', '0'),
(170, '0', '0'),
(171, '0', '0'),
(172, '0', '0'),
(173, '0', '0'),
(174, '0', '0'),
(175, '0', '0'),
(176, '0', '0'),
(177, '0', '0'),
(178, '0', '0'),
(179, '0', '0'),
(180, '0', '0'),
(181, '0', '0'),
(182, '0', '0'),
(183, '0', '0'),
(184, '0', '0'),
(185, '0', '0'),
(186, '0', '0'),
(187, '0', '0'),
(188, '0', '0'),
(189, '0', '0'),
(190, '0', '0'),
(191, '0', '0'),
(192, '0', '0'),
(193, '0', '0'),
(194, '0', '0'),
(195, '0', '0'),
(196, '0', '0'),
(197, '0', '0'),
(198, '0', '0'),
(199, '0', '0'),
(200, '0', '0'),
(201, '0', '0'),
(202, '0', '0'),
(203, '0', '0'),
(204, '0', '0'),
(205, '0', '0'),
(206, '0', '0'),
(207, '0', '0'),
(208, '0', '0'),
(209, '0', '0'),
(210, '0', '0'),
(211, '0', '0'),
(212, '0', '0'),
(213, '0', '0'),
(214, '0', '0'),
(215, '0', '0'),
(216, '0', '0'),
(217, '0', '0'),
(218, '0', '0'),
(219, '0', '0'),
(220, '0', '0'),
(221, '0', '0'),
(222, '0', '0'),
(223, '0', '0'),
(224, '0', '0'),
(225, '0', '0'),
(226, '0', '0'),
(227, '0', '0'),
(228, '0', '0'),
(229, '0', '0'),
(230, '0', '0'),
(231, '0', '0'),
(232, '0', '0'),
(233, '0', '0'),
(234, '0', '0'),
(235, '0', '0'),
(236, '0', '0'),
(237, '0', '0'),
(238, '0', '0'),
(239, '0', '0'),
(240, '0', '0'),
(241, '0', '0'),
(242, '0', '0'),
(243, '0', '0'),
(244, '0', '0'),
(245, '0', '0'),
(246, '0', '0'),
(247, '0', '0'),
(248, '0', '0'),
(249, '0', '0'),
(250, '0', '0'),
(251, '0', '0'),
(252, '0', '0'),
(253, '0', '0'),
(254, '0', '0'),
(255, '0', '0'),
(256, '0', '0'),
(257, '0', '0'),
(258, '0', '0'),
(259, '0', '0'),
(260, '0', '0'),
(261, '0', '0'),
(262, '0', '0'),
(263, '0', '0'),
(264, '0', '0'),
(265, '0', '0'),
(266, '0', '0'),
(267, '0', '0'),
(268, '0', '0'),
(269, '0', '0'),
(270, '0', '0'),
(271, '0', '0'),
(272, '0', '0'),
(273, '0', '0'),
(274, '0', '0'),
(275, '0', '0'),
(276, '0', '0'),
(277, '0', '0'),
(278, '0', '0'),
(279, '0', '0'),
(280, '0', '0'),
(281, '0', '0'),
(282, '0', '0'),
(283, '0', '0'),
(284, '0', '0'),
(285, '0', '0'),
(286, '0', '0'),
(287, '0', '0'),
(288, '0', '0'),
(289, '0', '0'),
(290, '0', '0'),
(291, '0', '0'),
(292, '0', '0'),
(293, '0', '0'),
(294, '0', '0'),
(295, '0', '0'),
(296, '0', '0'),
(297, '0', '0'),
(298, '0', '0'),
(299, '0', '0'),
(300, '0', '0'),
(301, '0', '0'),
(302, '0', '0'),
(303, '0', '0'),
(304, '0', '0'),
(305, '0', '0'),
(306, '0', '0'),
(307, '0', '0'),
(308, '0', '0'),
(309, '0', '0'),
(310, '0', '0'),
(311, '0', '0'),
(312, '0', '0'),
(313, '0', '0'),
(314, '0', '0'),
(315, '0', '0'),
(316, '0', '0'),
(317, '0', '0'),
(318, '0', '0'),
(319, '0', '0'),
(320, '0', '0'),
(321, '0', '0'),
(322, '0', '0'),
(323, '0', '0'),
(324, '0', '0'),
(325, '0', '0'),
(326, '0', '0'),
(327, '0', '0'),
(328, '0', '0'),
(329, '0', '0'),
(330, '0', '0'),
(331, '0', '0'),
(332, '0', '0'),
(333, '0', '0'),
(334, '0', '0'),
(335, '0', '0'),
(336, '0', '0'),
(337, '0', '0'),
(338, '0', '0'),
(339, '0', '0'),
(340, '0', '0'),
(341, '0', '0'),
(342, '0', '0'),
(343, '0', '0'),
(344, '0', '0'),
(345, '0', '0'),
(346, '0', '0'),
(347, '0', '0'),
(348, '0', '0'),
(349, '0', '0'),
(350, '0', '0'),
(351, '0', '0'),
(352, '0', '0'),
(353, '0', '0'),
(354, '0', '0'),
(355, '0', '0'),
(356, '0', '0'),
(357, '0', '0'),
(358, '0', '0'),
(359, '0', '0'),
(360, '0', '0'),
(361, '0', '0'),
(362, '0', '0'),
(363, '0', '0'),
(364, '0', '0'),
(365, '0', '0'),
(366, '0', '0'),
(367, '0', '0'),
(368, '0', '0'),
(369, '0', '0'),
(370, '0', '0'),
(371, '0', '0'),
(372, '0', '0'),
(373, '0', '0'),
(374, '0', '0'),
(375, '0', '0'),
(376, '0', '0'),
(377, '0', '0'),
(378, '0', '0'),
(379, '0', '0'),
(380, '0', '0'),
(381, '0', '0'),
(382, '0', '0'),
(383, '0', '0'),
(384, '0', '0'),
(385, '0', '0'),
(386, '0', '0'),
(387, '0', '0'),
(388, '0', '0'),
(389, '0', '0'),
(390, '0', '0'),
(391, '0', '0'),
(392, '0', '0'),
(393, '0', '0'),
(394, '0', '0'),
(395, '0', '0'),
(396, '0', '0'),
(397, '0', '0'),
(398, '0', '0'),
(399, '0', '0'),
(400, '0', '0'),
(401, '0', '0'),
(402, '0', '0'),
(403, '0', '0'),
(404, '0', '0'),
(405, '0', '0'),
(406, '0', '0'),
(407, '0', '0'),
(408, '0', '0'),
(409, '0', '0'),
(410, '0', '0'),
(411, '0', '0'),
(412, '0', '0'),
(413, '0', '0'),
(414, '0', '0'),
(415, '0', '0'),
(416, '0', '0'),
(417, '0', '0'),
(418, '0', '0'),
(419, '0', '0'),
(420, '0', '0'),
(421, '0', '0'),
(422, '0', '0'),
(423, '0', '0'),
(424, '0', '0'),
(425, '0', '0'),
(426, '0', '0'),
(427, '0', '0'),
(428, '0', '0'),
(429, '0', '0'),
(430, '0', '0'),
(431, '0', '0'),
(432, '0', '0'),
(433, '0', '0'),
(434, '0', '0'),
(435, '0', '0'),
(436, '0', '0'),
(437, '0', '0'),
(438, '0', '0'),
(439, '0', '0'),
(440, '0', '0'),
(441, '0', '0'),
(442, '0', '0'),
(443, '0', '0'),
(444, '0', '0'),
(445, '0', '0'),
(446, '0', '0'),
(447, '0', '0'),
(448, '0', '0'),
(449, '0', '0'),
(450, '0', '0'),
(451, '0', '0'),
(452, '0', '0'),
(453, '0', '0'),
(454, '0', '0'),
(455, '0', '0'),
(456, '0', '0'),
(457, '0', '0'),
(458, '0', '0'),
(459, '0', '0'),
(460, '0', '0'),
(461, '0', '0'),
(462, '0', '0'),
(463, '0', '0'),
(464, '0', '0'),
(465, '0', '0'),
(466, '0', '0'),
(467, '0', '0'),
(468, '0', '0'),
(469, '0', '0'),
(470, '0', '0'),
(471, '0', '0'),
(472, '0', '0'),
(473, '0', '0'),
(474, '0', '0'),
(475, '0', '0'),
(476, '0', '0'),
(477, '0', '0'),
(478, '0', '0');

-- --------------------------------------------------------

--
-- Table structure for table `user`
--

CREATE TABLE IF NOT EXISTS `user` (
`admin_id` int(33) NOT NULL,
  `fullname` varchar(33) NOT NULL,
  `email` varchar(111) NOT NULL,
  `password` varchar(111) NOT NULL,
  `address` varchar(111) NOT NULL,
  `number` varchar(111) NOT NULL
) ENGINE=InnoDB  DEFAULT CHARSET=utf8 AUTO_INCREMENT=7 ;

--
-- Dumping data for table `user`
--

INSERT INTO `user` (`admin_id`, `fullname`, `email`, `password`, `address`, `number`) VALUES
(1, 'saifulsaif', 'saif\r\n', 'saif', 'panthpathah,Dhaka', '01759998001'),
(2, 'sajib', 'sajib', 'sajib\r\n', 'panthpathah,Dhaka', '01759998001'),
(4, 'Shamim', 'shamimsarker876@gmail.com', '01960313152', 'Barai,Gopinathpor,Kasba,Brahmanbaria', '01960363152'),
(5, 'sa', 'sa', '12345', 'sa', '123'),
(6, 'saif', 'saif', 'saif', 'dhaka', '23432');

--
-- Indexes for dumped tables
--

--
-- Indexes for table `advance_product`
--
ALTER TABLE `advance_product`
 ADD PRIMARY KEY (`advance_product_id`);

--
-- Indexes for table `calan`
--
ALTER TABLE `calan`
 ADD PRIMARY KEY (`calan_id`);

--
-- Indexes for table `customer`
--
ALTER TABLE `customer`
 ADD PRIMARY KEY (`customer_id`);

--
-- Indexes for table `customer_info`
--
ALTER TABLE `customer_info`
 ADD PRIMARY KEY (`customer_info_id`);

--
-- Indexes for table `daily`
--
ALTER TABLE `daily`
 ADD PRIMARY KEY (`daily_id`);

--
-- Indexes for table `daily_earn`
--
ALTER TABLE `daily_earn`
 ADD PRIMARY KEY (`daily_earn_id`);

--
-- Indexes for table `daily_expenses`
--
ALTER TABLE `daily_expenses`
 ADD PRIMARY KEY (`daily_expenses_id`);

--
-- Indexes for table `daily_product`
--
ALTER TABLE `daily_product`
 ADD PRIMARY KEY (`daily_buy_id`);

--
-- Indexes for table `enrol`
--
ALTER TABLE `enrol`
 ADD PRIMARY KEY (`rol_no`), ADD KEY `student_id` (`student_id`);

--
-- Indexes for table `mahajon`
--
ALTER TABLE `mahajon`
 ADD PRIMARY KEY (`mahajon_id`);

--
-- Indexes for table `mahajon_info`
--
ALTER TABLE `mahajon_info`
 ADD PRIMARY KEY (`mahajon_info_id`);

--
-- Indexes for table `order`
--
ALTER TABLE `order`
 ADD PRIMARY KEY (`order_id`);

--
-- Indexes for table `payment`
--
ALTER TABLE `payment`
 ADD PRIMARY KEY (`payment_id`);

--
-- Indexes for table `prodect`
--
ALTER TABLE `prodect`
 ADD PRIMARY KEY (`product_id`);

--
-- Indexes for table `purchase_product`
--
ALTER TABLE `purchase_product`
 ADD PRIMARY KEY (`purchase_id`);

--
-- Indexes for table `student`
--
ALTER TABLE `student`
 ADD PRIMARY KEY (`student_id`);

--
-- Indexes for table `tbl_admin`
--
ALTER TABLE `tbl_admin`
 ADD PRIMARY KEY (`admin_id`);

--
-- Indexes for table `test`
--
ALTER TABLE `test`
 ADD PRIMARY KEY (`id`);

--
-- Indexes for table `user`
--
ALTER TABLE `user`
 ADD PRIMARY KEY (`admin_id`);

--
-- AUTO_INCREMENT for dumped tables
--

--
-- AUTO_INCREMENT for table `advance_product`
--
ALTER TABLE `advance_product`
MODIFY `advance_product_id` int(33) NOT NULL AUTO_INCREMENT,AUTO_INCREMENT=16;
--
-- AUTO_INCREMENT for table `calan`
--
ALTER TABLE `calan`
MODIFY `calan_id` int(11) NOT NULL AUTO_INCREMENT,AUTO_INCREMENT=66;
--
-- AUTO_INCREMENT for table `customer_info`
--
ALTER TABLE `customer_info`
MODIFY `customer_info_id` int(33) NOT NULL AUTO_INCREMENT,AUTO_INCREMENT=362;
--
-- AUTO_INCREMENT for table `daily`
--
ALTER TABLE `daily`
MODIFY `daily_id` int(22) NOT NULL AUTO_INCREMENT,AUTO_INCREMENT=36;
--
-- AUTO_INCREMENT for table `daily_earn`
--
ALTER TABLE `daily_earn`
MODIFY `daily_earn_id` int(22) NOT NULL AUTO_INCREMENT,AUTO_INCREMENT=88;
--
-- AUTO_INCREMENT for table `daily_expenses`
--
ALTER TABLE `daily_expenses`
MODIFY `daily_expenses_id` int(33) NOT NULL AUTO_INCREMENT,AUTO_INCREMENT=77;
--
-- AUTO_INCREMENT for table `daily_product`
--
ALTER TABLE `daily_product`
MODIFY `daily_buy_id` int(33) NOT NULL AUTO_INCREMENT,AUTO_INCREMENT=22;
--
-- AUTO_INCREMENT for table `enrol`
--
ALTER TABLE `enrol`
MODIFY `rol_no` int(11) NOT NULL AUTO_INCREMENT,AUTO_INCREMENT=3;
--
-- AUTO_INCREMENT for table `mahajon_info`
--
ALTER TABLE `mahajon_info`
MODIFY `mahajon_info_id` int(33) NOT NULL AUTO_INCREMENT,AUTO_INCREMENT=108;
--
-- AUTO_INCREMENT for table `order`
--
ALTER TABLE `order`
MODIFY `order_id` int(22) NOT NULL AUTO_INCREMENT,AUTO_INCREMENT=271;
--
-- AUTO_INCREMENT for table `payment`
--
ALTER TABLE `payment`
MODIFY `payment_id` int(11) NOT NULL AUTO_INCREMENT,AUTO_INCREMENT=164;
--
-- AUTO_INCREMENT for table `prodect`
--
ALTER TABLE `prodect`
MODIFY `product_id` int(33) NOT NULL AUTO_INCREMENT,AUTO_INCREMENT=24;
--
-- AUTO_INCREMENT for table `purchase_product`
--
ALTER TABLE `purchase_product`
MODIFY `purchase_id` int(11) NOT NULL AUTO_INCREMENT,AUTO_INCREMENT=10;
--
-- AUTO_INCREMENT for table `student`
--
ALTER TABLE `student`
MODIFY `student_id` int(11) NOT NULL AUTO_INCREMENT,AUTO_INCREMENT=3;
--
-- AUTO_INCREMENT for table `tbl_admin`
--
ALTER TABLE `tbl_admin`
MODIFY `admin_id` int(11) NOT NULL AUTO_INCREMENT,AUTO_INCREMENT=3;
--
-- AUTO_INCREMENT for table `test`
--
ALTER TABLE `test`
MODIFY `id` int(33) NOT NULL AUTO_INCREMENT,AUTO_INCREMENT=479;
--
-- AUTO_INCREMENT for table `user`
--
ALTER TABLE `user`
MODIFY `admin_id` int(33) NOT NULL AUTO_INCREMENT,AUTO_INCREMENT=7;
--
-- Constraints for dumped tables
--

--
-- Constraints for table `enrol`
--
ALTER TABLE `enrol`
ADD CONSTRAINT `enrol_ibfk_1` FOREIGN KEY (`student_id`) REFERENCES `student` (`student_id`);

/*!40101 SET CHARACTER_SET_CLIENT=@OLD_CHARACTER_SET_CLIENT */;
/*!40101 SET CHARACTER_SET_RESULTS=@OLD_CHARACTER_SET_RESULTS */;
/*!40101 SET COLLATION_CONNECTION=@OLD_COLLATION_CONNECTION */;
